run_id,device,kernel,dtype,size,iters,ms_median,bytes,flops,gb_s,tflop_s,spec_mem_gb_s,pct_of_spec,git_commit
20260925T063709,NVIDIA H100 80GB HBM3,copy,bfloat16,64MiB,50,0.0496,134217728,0,2703.4,,3352.0,80.7,e82ee8e8813c
20260925T063709,NVIDIA H100 80GB HBM3,copy,bfloat16,256MiB,50,0.1817,536870912,0,2955.3,,3352.0,88.2,e82ee8e8813c
20260925T063709,NVIDIA H100 80GB HBM3,copy,bfloat16,1024MiB,50,0.7104,2147483648,0,3023.1,,3352.0,90.2,e82ee8e8813c
20260925T063709,NVIDIA H100 80GB HBM3,read,bfloat16,64MiB,50,0.0338,67108864,0,1984.1,,3352.0,59.2,e82ee8e8813c
20260925T063709,NVIDIA H100 80GB HBM3,read,bfloat16,256MiB,50,0.101,268435456,0,2657.6,,3352.0,79.3,e82ee8e8813c
20260925T063709,NVIDIA H100 80GB HBM3,read,bfloat16,1024MiB,50,0.3669,1073741824,0,2926.8,,3352.0,87.3,e82ee8e8813c
20260925T063709,NVIDIA H100 80GB HBM3,gemm,bfloat16,2048,50,0.0278,0,17179869184,,618.87,,,e82ee8e8813c
20260925T063709,NVIDIA H100 80GB HBM3,gemm,bfloat16,4096,50,0.1726,0,137438953472,,796.4,,,e82ee8e8813c
20260925T063709,NVIDIA H100 80GB HBM3,gemm,bfloat16,8192,50,1.3578,0,1099511627776,,809.8,,,e82ee8e8813c
